{"cameraMode":{"drawMode":0,"name":"Shaded","section":"Shading Mode"},"sceneLighting":false,"audioPlay":false,"sceneViewState":{"showFog":false,"showMaterialUpdate":false,"showSkybox":false,"showFlares":false,"showImageEffects":false,"showParticleSystems":false},"in2DMode":false,"pivot":{"x":0.8542904853820801,"y":-17.64495277404785,"z":1.118855357170105},"rotation":{"x":0.6489303708076477,"y":-0.005706195719540119,"z":0.004867637529969215,"w":0.7608158588409424},"size":6.8300089836120609,"orthographic":false}