{"cameraMode":{"drawMode":0,"name":"Shaded","section":"Shading Mode"},"sceneLighting":false,"audioPlay":false,"sceneViewState":{"showFog":false,"showMaterialUpdate":false,"showSkybox":false,"showFlares":false,"showImageEffects":false,"showParticleSystems":false},"in2DMode":false,"pivot":{"x":-3.94452166557312,"y":-14.794356346130371,"z":-0.6085953712463379},"rotation":{"x":0.4567010998725891,"y":-0.26323002576828005,"z":0.14352981746196748,"w":0.8375811576843262},"size":1.711327314376831,"orthographic":false}