{"cameraMode":{"drawMode":0,"name":"Shaded","section":"Shading Mode"},"sceneLighting":true,"audioPlay":false,"sceneViewState":{"showFog":true,"showMaterialUpdate":false,"showSkybox":true,"showFlares":true,"showImageEffects":true,"showParticleSystems":true},"in2DMode":false,"pivot":{"x":-0.00014988193288445473,"y":-17.69972038269043,"z":-0.455522358417511},"rotation":{"x":-0.7234577536582947,"y":0.0035189378540962936,"z":-0.003687748685479164,"w":-0.6903520226478577},"size":6.925560474395752,"orthographic":false}